Deflection	Force
0	20,02293015
0	21,76535034
0	20,02293015
0	22,63656044
0	20,02293015
-0,0000247607	18,28050995
-0,0000247607	20,02293015
0	20,02293015
0	20,89414024
0	19,15172005
0	20,89414024
0	19,15172005
0	21,76535034
-0,0000247607	20,02293015
0	20,89414024
0	17,40929985
0	20,89414024
0,0000247607	19,15172005
0,001411361	22,63656044
0,002649396	20,89414024
0,009582396	22,63656044
0,011439449	25,25019073
0,015128795	23,50777054
0,01879338	25,25019073
0,020625673	26,99261093
0,024265498	24,37898064
0,026097791	26,12140083
0,027930083	28,73503113
0,037042025	30,47745132
0,04068185	28,73503113
0,044420719	30,47745132
0,046277769	32,21987152
0,055439234	34,83349991
0,057246767	32,21987152
0,060936112	35,70471191
0,062743641	33,96229172
0,066358708	35,70471191
0,073687881	37,44713211
0,075520173	35,70471191
0,077401988	38,3183403
0,082948387	40,0607605
0,08661297	38,3183403
0,090277553	42,67438889
0,09572491	44,41680908
0,104861617	47,03044128
0,106718667	44,41680908
0,110383257	47,90164948
0,115929656	50,51528168
0,125091121	50,51528168
0,128755704	52,25770187
0,135985836	55,74254227
0,137818128	54,00012207
0,143339768	55,74254227
0,147103384	59,22737885
0,150767982	57,48495865
0,154457316	59,22737885
0,156289607	60,96979904
0,165376797	63,58343124
0,172681212	65,32585144
0,181916952	68,81069183
0,185581535	65,32585144
0,187438592	67,06826782
0,191127941	68,81069183
0,194718242	70,55310822
0,196575299	68,81069183
0,19840759	72,29553223
0,202022642	70,55310822
0,203830183	72,29553223
0,20568724	74,03794861
0,211184114	75,78037262
0,22044462	75,78037262
0,222276911	78,39399719
0,224109203	81,00762939
0,225916743	77,522789
0,229556561	80,1364212
0,233196393	81,87883759
0,240525559	83,6212616
0,246047199	85,36367798
0,253425896	87,10610199
0,258947521	88,84851837
0,260755062	90,59094238
0,264394879	87,10610199
0,266227186	88,84851837
0,268034697	91,46215057
0,275363892	94,07578278
0,286456674	96,68940735
0,291953564	94,94699097
0,29378584	97,56062317
0,295568615	99,30303955
0,297400922	97,56062317
0,302848279	100,1742477
0,310177445	101,9166718
0,312009722	103,6590881
0,319437951	105,4015121
0,324959576	108,0151367
0,335879058	108,8863525
0,341351181	112,3711929
0,343208224	110,6287689
0,346848041	113,2424011
0,350611687	114,9848175
0,359773159	118,4696579
0,36158067	116,7272415
0,367077559	119,3408737
0,374332458	121,9544983
0,383617699	126,3105469
0,385450006	124,5681305
0,387282282	122,8257065
0,389089823	126,3105469
0,392779171	124,5681305
0,394611478	127,1817627
0,400083572	129,7953949
0,401866347	128,0529633
0,403698653	129,7953949
0,405481428	132,4090271
0,416598976	134,1514435
0,425785214	138,5074921
0,429425031	136,7650757
0,436704665	140,2499084
0,440344512	138,5074921
0,442176789	140,2499084
0,449555486	142,8635406
0,451437294	144,605957
0,462455809	144,605957
0,466095656	147,2195892
0,467927933	148,9620056
0,469710708	147,2195892
0,473350525	150,7044373
0,475158066	148,0908051
0,477015108	149,8332214
0,478847414	154,18927
0,480679691	152,4468536
0,491772503	155,9316864
0,497269392	157,6741028
0,500909209	155,9316864
0,504549026	158,5453186
0,508164108	160,287735
0,517424583	162,9013672
0,521113932	161,1589508
0,522946239	162,9013672
0,524778545	164,6437836
0,530250669	167,2574158
0,533915222	165,5149994
0,535722792	168,1286316
0,537530303	166,3862152
0,54117012	169,871048
0,543002427	168,1286316
0,544884205	169,871048
0,552262902	173,355896
0,554119945	171,6134644
0,557759821	173,355896
0,559592068	175,0983124
0,563281417	173,355896
0,565064192	175,0983124
0,572368622	178,5831451
0,579697788	181,1967773
0,588958323	182,9391937
0,596287489	185,5528259
0,607182205	187,2952576
0,610822022	189,037674
0,618225455	191,6513062
0,620107293	193,3937225
0,629293501	194,2649231
0,632908583	197,7497711
0,636573136	195,1361389
0,64385277	201,2346039
0,645685077	199,4921875
0,647542119	197,7497711
0,649349689	200,3634033
0,651181936	202,9770355
0,660417736	202,9770355
0,662274778	204,7194519
0,66769737	207,3330841
0,678691089	207,3330841
0,682355702	211,6891327
0,686069787	209,9467163
0,689783931	212,5603333
0,697113097	216,0451813
0,700752914	212,5603333
0,702560425	215,1739655
0,706200242	218,6588135
0,709815323	216,9163971
0,71164763	218,6588135
0,713529408	220,4012299
0,717194021	218,6588135
0,719051063	220,4012299
0,724597454	223,0148621
0,728286803	224,7572784
0,730119109	223,0148621
0,731951416	224,7572784
0,733758926	226,4996948
0,735566497	224,7572784
0,73923105	227,3709106
0,742846131	229,113327
0,746485949	227,3709106
0,748342991	229,9845428
0,750175297	231,7269592
0,752007604	229,9845428
0,757628262	231,7269592
0,759435773	234,3405914
0,770429552	234,3405914
0,772261858	236,0830078
0,774044633	237,8254242
0,777659655	239,5678558
0,786870658	241,3102722
0,790609539	243,0526886
0,796106398	241,3102722
0,797938704	243,9239044
0,805243134	246,5375366
0,807075381	248,279953
0,810690463	245,6663208
0,812498033	248,279953
0,814355075	250,0223694
0,816187322	248,279953
0,819851935	250,8935852
0,823615551	252,6360016
0,825447857	254,378418
0,827280164	252,6360016
0,832777023	255,2496338
0,840056658	253,5072174
0,841864228	255,2496338
0,843696475	256,9920349
0,849193394	259,6056824
0,854739785	261,348114
0,862093687	263,0905151
0,863925993	264,8329468
0,876677752	266,5753479
0,878510058	268,3177795
0,882174671	270,0602112
0,885839224	268,3177795
0,887696266	271,8026123
0,893292189	273,5450439
0,895124495	271,8026123
0,896956801	273,5450439
0,898789108	275,2874451
0,900621355	273,5450439
0,902428925	275,2874451
0,91151607	279,6435242
0,913323641	276,1586609
0,91701299	278,7723083
0,920677543	280,5147095
0,928105772	282,2571411
0,935459673	283,9995728
0,937242448	285,7419739
0,939074755	283,9995728
0,942714572	287,4844055
0,946354389	284,8707581
0,950019002	290,0980225
0,951876044	288,3556213
0,955540657	291,8404541
0,966608703	292,7116699
0,96844095	294,454071
0,973913074	296,1965027
0,979360461	297,9389343
0,983025014	299,6813354
0,992260754	300,5525513
0,994117796	302,2949829
1,003279328	305,7798157
1,00689435	307,5222168
1,012366414	305,7798157
1,014149189	307,5222168
1,015981555	310,1358643
1,027123809	313,620697
1,038092852	316,2343445
1,043564916	318,8479614
1,045372486	315,3631287
1,048987508	317,1055298
1,050819874	318,8479614
1,052676916	320,5903931
1,054509163	322,3327942
1,065601945	324,9464417
1,076595783	325,817627
1,080186009	331,0448914
1,083825827	328,4312744
1,085682988	330,1736755
1,091204524	331,9161072
1,09677577	333,6585388
1,10227263	335,4009399
1,10957706	338,0145874
1,120521307	339,7569885
1,126092434	342,370636
1,131614089	344,9842529
1,138918519	341,4994202
1,142583013	347,5979004
1,149837971	345,8554688
1,151670218	347,5979004
1,15352726	349,3403015
1,160955548	353,6963501
1,164595366	351,953949
1,166427612	355,4387817
1,175564289	356,3099976
1,182843924	359,7948303
1,184651494	357,1812134
1,188340902	361,537262
1,199458361	362,4084473
1,201290727	365,0220947
1,206787586	363,2796631
1,212234974	366,7644958
1,215849996	368,5069275
1,217657566	370,2493591
1,221346855	368,5069275
1,225011468	371,120575
1,228775144	372,8629761
1,23610425	375,4766235
1,24160111	377,2190247
1,245265722	374,6054077
1,247048497	377,2190247
1,248880744	379,8326721
1,250688314	378,0902405
1,25801754	382,4462891
1,26725328	383,3175049
1,272774935	385,059906
1,280054569	386,8023376
1,281886816	391,1583862
1,285501838	389,4159546
1,291023493	391,1583862
1,298451781	393,7720337
1,307613254	396,3856506
1,313085318	398,1280823
1,314892888	396,3856506
1,316675663	398,1280823
1,32031548	400,7416992
1,324029565	402,4841309
1,327718854	399,8704834
1,329625487	402,4841309
1,335097551	405,0977478
1,336929917	407,7113647
1,33878696	405,9689636
1,340619206	404,226532
1,344234347	406,8401794
1,347874165	409,4537964
1,357010841	411,196228
1,366271377	413,809845
1,375432849	415,5522766
1,380929708	417,2946777
1,382712483	419,9083252
1,390016794	421,6507263
1,397420287	424,2643738
1,402941942	426,8779907
1,404774189	423,393158
1,406606555	425,1355896
1,408438802	427,7492065
1,412078619	425,1355896
1,413935661	427,7492065
1,423022866	430,362854
1,424855113	432,9764709
1,432283401	434,7189026
1,435948014	432,9764709
1,437780261	434,7189026
1,441420078	436,4613037
1,450532079	439,0749512
1,457861185	440,8173523
1,461525798	443,4309998
1,470761538	444,3021851
1,474450827	447,7870483
1,483538032	450,4006653
1,490842462	448,6582642
1,492674708	450,4006653
1,498245955	454,7567139
1,50376761	453,0143127
1,505599856	454,7567139
1,511096716	457,3703613
1,518351674	460,8551941
1,527513027	461,7264099
1,53310895	464,3400269
1,538581133	466,0824585
1,540438175	467,8248596
1,542270422	466,0824585
1,545910239	467,8248596
1,55682981	471,3097229
1,560543895	473,052124
1,567947268	474,7945557
1,571587205	477,4081726
1,575276494	474,7945557
1,578916311	477,4081726
1,580699086	479,1506042
1,588028312	482,635437
1,591692805	479,1506042
1,595357418	483,5066528
1,600953341	485,2490845
1,608282566	486,9914856
1,615562201	489,6051331
1,617419243	491,3475342
1,619202018	489,6051331
1,628338695	493,9611816
1,637624025	494,8323669
1,643145561	496,5747986
1,648568153	499,1884155
1,657680154	500,9308472
1,661344767	502,6732788
1,663201809	500,9308472
1,66500926	504,4156799
1,676102161	508,7717285
1,679766655	507,0293274
1,683406472	508,7717285
1,685238838	510,5141602
1,68885386	507,9005432
1,692493677	512,2565918
1,701754212	515,741394
1,705418825	513,9990234
1,707251072	516,6126099
1,716363072	520,0974731
1,720077157	521,8399048
1,721884727	519,2262573
1,725499749	522,7111206
1,727356791	524,4534912
1,731021404	521,8399048
1,736617327	523,5823364
1,738424778	527,0671387
1,742114186	528,8095703
1,743946433	530,552002
1,745778799	526,1959229
1,749393821	528,8095703
1,753058434	530,552002
1,758505821	532,2944336
1,764052153	534,0368042
1,76962328	535,7792358
1,771455646	534,0368042
1,773287892	537,5216675
1,780617118	535,7792358
1,782399893	539,2640991
1,78423214	541,0065308
1,786089182	539,2640991
1,789704323	542,7489014
1,793319345	541,0065308
1,795176387	544,491333
1,804436922	547,1049805
1,811790824	548,8474121
1,815430641	547,1049805
1,819070458	548,8474121
1,820902705	550,5898438
1,828157663	554,074646
1,830014706	552,3322144
1,833654523	554,9458618
1,839275241	556,6882935
1,842939854	558,4307251
1,846604347	556,6882935
1,848436713	561,0443115
1,850219488	559,3019409
1,853908777	561,9155273
1,855716348	560,1731567
1,857523799	561,9155273
1,861163735	560,1731567
1,866685271	564,5291748
1,870424151	566,2716064
1,874088764	564,5291748
1,875921011	567,1428223
1,877753377	568,8852539
1,879585624	567,1428223
1,886914849	570,6276245
1,894194484	572,3700562
1,896026731	574,9837036
1,905287266	575,8549194
1,907119513	577,5973511
1,916280985	579,3397217
1,923535943	582,824585
1,927150965	581,0821533
1,932697415	585,4382324
1,941957831	588,0518188
1,949287057	589,7942505
1,951069832	591,5366821
1,958374262	589,7942505
1,960206509	591,5366821
1,963846326	594,1503296
1,967510939	592,4078979
1,969343185	595,8927612
1,973106861	594,1503296
1,974939108	595,8927612
1,978603721	597,6351318
1,98410058	599,3775635
1,985908151	597,6351318
1,987765193	600,2487793
1,98959744	601,9912109
1,993212581	604,6048584
1,996852398	601,9912109
1,998684645	603,7336426
2,002349377	605,4760742
2,011609793	608,0896606
2,013442039	606,347229
2,018914223	608,9608765
2,020696878	610,7033081
2,024386406	612,4457397
2,028001308	609,8320923
2,031690598	612,4457397
2,03535533	615,0593872
2,03909421	617,6729736
2,042758703	615,930542
2,044615746	618,5441895
2,051920176	621,1578369
2,05370307	623,7714844
2,055560112	621,1578369
2,05919981	622,9002686
2,062839746	624,6426392
2,070193529	627,2562866
2,079429388	628,9987183
2,084950924	630,7411499
2,095845699	632,4835815
2,097653151	636,8395996
2,099510193	633,3547974
2,103174925	636,8395996
2,112460136	640,3244629
2,114292383	637,7108154
2,11612463	641,1956787
2,119764566	639,4532471
2,121572018	642,0668945
2,130659342	643,8092651
2,132516384	645,5516968
2,136180878	643,8092651
2,138013124	647,2941284
2,147273779	649,0365601
2,152770519	652,5213623
2,156435251	650,7789917
2,158267498	652,5213623
2,160074949	654,2637939
2,169211626	657,7486572
2,172876358	656,0062256
2,176615238	658,619873
2,178422689	660,3623047
2,182087183	658,619873
2,183944225	660,3623047
2,191248655	663,8471069
2,196671247	665,5895386
2,205857515	668,203186
2,213260889	669,9456177
2,215093374	671,6879883
2,224205256	673,4304199
2,229677439	676,0440674
2,233317137	674,3016357
2,235149384	676,0440674
2,240745306	679,5288696
2,244459391	676,9152832
2,248099327	680,4000854
2,251763821	677,786499
2,253620863	681,2713013
2,257236004	679,5288696
2,259093046	682,1425171
2,26818037	684,7561646
2,273701906	687,369812
2,281080484	689,9833984
2,288434505	691,7258301
2,297521591	693,4682617
2,299354076	696,953125
2,301186323	695,2106934
2,308564901	698,6954956
2,310446739	696,953125
2,315943718	698,6954956
2,317775965	700,4379272
2,319633007	698,6954956
2,323248148	703,0515747
2,332360029	704,7940063
2,337857008	706,536438
2,34345293	708,2788086
2,345285177	710,8924561
2,347117424	709,1500244
2,348949671	707,4075928
2,350757122	711,7636719
2,356254101	710,0212402
2,359918594	714,3773193
2,365341187	717,8621216
2,367148876	714,3773193
2,372695208	716,1196899
2,374527454	720,475769
2,376384497	718,7333374
2,383763313	721,3469849
2,38559556	723,0894165
2,387452602	720,475769
2,391067743	723,9606323
2,394757032	722,2182007
2,398347378	726,5742188
2,400179625	724,8318481
2,40750885	727,4454346
2,411272526	729,1878662
2,416794062	730,9302979
2,424098492	733,5439453
2,431378126	736,1575317
2,440514803	736,1575317
2,444253683	740,5136108
2,451607704	742,2560425
2,455272198	740,5136108
2,457104445	742,2560425
2,460744381	743,9984131
2,464384079	742,2560425
2,466191769	746,6120605
2,469831467	744,8696289
2,471688509	746,6120605
2,475353241	749,225708
2,477210283	747,4832764
2,479092121	749,225708
2,480949163	750,9681396
2,488278151	752,7105103
2,49739027	751,8393555
2,501029968	754,4529419
2,502862215	756,1953735
2,510191441	757,9378052
2,513955116	759,6802368
2,515787363	762,2938232
2,519451857	760,5514526
2,52673173	764,0362549
2,528563976	766,6499023
2,530421019	764,9074707
2,537651062	767,5211182
2,539508104	765,7786865
2,541340351	769,2635498
2,546961069	771,8771362
2,548768759	769,2635498
2,552433252	771,0059204
2,556097746	772,7483521
2,561569929	774,4907837
2,567017317	777,1044312
2,568849564	775,3619995
2,570657015	777,1044312
2,572514057	778,8468628
2,579917669	780,5892334
2,589103937	782,331665
2,598265409	784,9453125
2,605520248	786,6877441
2,607352495	788,4301758
2,612898827	790,1725464
2,616612911	787,55896
2,618445396	790,1725464
2,620277643	792,7861938
2,629389524	794,5286255
2,633054018	797,1422729
2,636669159	794,5286255
2,64221549	797,1422729
2,645880222	798,8846436
2,649619102	800,6270752
2,658780575	804,1119385
2,669675112	807,5967407
2,671507597	810,2103882
2,673339844	807,5967407
2,675196886	805,8543701
2,67886138	808,4679565
2,680743217	810,2103882
2,68260026	811,9528198
2,691786528	813,6952515
2,695401669	811,9528198
2,699090958	814,5664673
2,700873613	811,081604
2,702681303	812,8240356
2,70451355	816,3088989
2,71001029	818,9224854
2,719246149	821,5361328
2,724767685	823,2785645
2,730215073	825,0209961
2,737519503	826,7633667
2,746680975	829,3770142
2,748587608	831,1194458
2,757773876	833,7330933
2,763221264	835,4754639
2,772357941	836,3466797
2,77604723	838,9603271
2,781544209	840,7027588
2,785283089	842,4451904
2,792636871	844,187561
2,799916506	846,8012085
2,810885429	848,5436401
2,820121288	850,2860718
2,821953535	852,0285034
2,825618267	854,6420898
2,827450514	852,0285034
2,831065416	854,6420898
2,84015274	853,770874
2,841984987	855,5133057
2,845674276	857,2557373
2,847506523	859,8693848
2,854934931	861,6118164
2,85862422	859,8693848
2,860456467	863,354187
2,864071608	861,6118164
2,865903854	863,354187
2,867760897	865,0966187
2,871376038	866,8390503
2,876847982	868,5814819
2,884251595	871,1950684
2,886108637	869,4526978
2,887940884	871,1950684
2,889748335	872,9375
2,897102356	874,6799316
2,902574539	877,2935791
2,907997131	879,9072266
2,909829378	878,1647949
2,920946836	879,0360107
2,924611568	881,6495972
2,93372345	880,7783813
2,935580492	883,3920288
2,937363148	885,1344604
2,942835331	886,8768921
2,950214148	890,3616943
2,959449768	890,3616943
2,964921951	892,104126
2,968586445	893,8465576
2,972201586	892,104126
2,974033833	896,4602051
2,977673769	893,8465576
2,979506016	899,9450073
2,983170509	895,5889893
2,985077143	899,0737915
2,986958981	902,5586548
2,988791227	900,8162231
2,996120453	902,5586548
3,001567841	906,0435181
3,003424883	904,3010864
3,005207539	906,0435181
3,012511969	907,7858887
3,019940138	910,3995361
3,021772623	912,1419678
3,025437117	910,3995361
3,030958652	912,1419678
3,040045977	915,6268311
3,041853428	917,3692017
3,043661118	915,6268311
3,0510149	918,2404175
3,058418274	921,7252808
3,065747499	919,1116333
3,069412231	925,210144
3,071244478	923,4677124
3,074859381	926,0812988
3,084020853	927,8237305
3,087784529	929,5661621
3,095088959	931,3085938
3,096946001	933,0510254
3,102393389	934,793457
3,104250431	936,5358276
3,109673023	938,2782593
3,113362312	935,6646118
3,115219355	937,4070435
3,120765924	939,1494751
3,124455214	940,8919067
3,135399342	943,5055542
3,137231827	941,7631226
3,140871525	944,376709
3,146343708	946,1191406
3,153722286	948,7327881
3,162958145	949,6040039
3,164790392	952,2176514
3,166622639	953,960022
3,17023778	952,2176514
3,172094822	954,8312378
3,177517414	956,5736694
3,181206703	954,8312378
3,183063745	956,5736694
3,18484664	959,1873169
3,19408226	960,9297485
3,197771788	959,1873169
3,199604034	962,6721191
3,201436281	964,4145508
3,203218937	961,8009644
3,208715916	964,4145508
3,210548162	966,1569824
3,214188099	964,4145508
3,216020346	966,1569824
3,217852592	968,7706299
3,225280762	970,5130615
3,23077774	972,2554321
3,239889622	974,8690796
3,249026299	974,8690796
3,250883341	976,6115112
3,256429911	978,3539429
3,267448425	980,0963745
3,269255877	982,7099609
3,280175209	985,3236084
3,28752923	987,9372559
3,291292906	986,1948242
3,294932604	988,8084717
3,304069519	991,4220581
3,311373711	993,1644897
3,314988852	994,9069214
3,318702936	996,649353
3,327914	1000,134155
3,329771042	998,3917847
3,333460331	1001,876587
3,342572212	1003,619019
3,347994804	1005,36145
3,355348825	1007,103882
3,357255459	1008,846252
3,362776995	1007,103882
3,366441727	1008,846252
3,375578403	1011,4599
3,382833242	1013,202332
3,392118454	1015,815979
3,397590637	1018,429565
3,403112173	1020,171997
3,414006948	1021,914429
3,41955328	1024,528076
3,426932096	1027,141724
3,436118364	1028,012939
3,441590309	1031,497681
3,44520545	1033,240112
3,448820591	1031,497681
3,450652838	1033,240112
3,452534676	1035,85376
3,463602781	1037,596191
3,469124317	1039,338623
3,480043888	1041,952271
3,481851339	1044,565918
3,483683586	1041,081055
3,487372875	1042,823486
3,492919445	1044,565918
3,498416185	1046,30835
3,50393796	1048,921997
3,5094347	1050,664307
3,511266947	1048,921997
3,514882088	1051,535522
3,524018764	1053,277954
3,529614687	1055,020386
3,540583849	1059,376465
3,5423913	1057,634033
3,544223547	1060,247681
3,551503181	1061,990112
3,553360224	1063,732544
3,560788393	1065,474976
3,56992507	1068,088501
3,571782112	1069,830933
3,573589802	1067,217407
3,575397253	1069,830933
3,584484577	1072,44458
3,593744993	1074,187012
3,597434282	1071,573364
3,599241972	1075,058228
3,601099014	1077,671875
3,602956057	1075,929443
3,610260487	1077,671875
3,619347572	1080,285522
3,621204615	1078,543091
3,624844551	1081,156738
3,628583193	1082,89917
3,635937214	1085,512817
3,639651299	1087,255127
3,648713827	1088,997559
3,65232873	1090,73999
3,654210567	1092,482422
3,657850504	1088,997559
3,659682751	1090,73999
3,665278673	1093,353638
3,66711092	1095,967285
3,670750856	1093,353638
3,67441535	1097,709717
3,678080082	1095,967285
3,68171978	1097,709717
3,683527231	1099,452148
3,692688704	1101,19458
3,700092316	1102,937012
3,703781605	1104,679321
3,711086035	1108,164185
3,714701176	1104,679321
3,716533422	1106,421753
3,72017312	1108,164185
3,731290817	1109,906616
3,734955311	1111,649048
3,742284536	1114,262695
3,747731924	1116,005127
3,756843805	1118,618774
3,764271975	1120,361206
3,769768953	1122,103638
3,777073383	1124,717163
3,786185265	1122,974731
3,788017511	1128,202026
3,791731596	1124,717163
3,79351449	1128,202026
3,799110413	1130,815674
3,808271885	1131,68689
3,810079336	1133,429321
3,820998907	1134,300537
3,824688196	1136,042969
3,82835269	1137,7854
3,832116365	1136,042969
3,835780859	1139,527832
3,839445591	1137,7854
3,841277838	1139,527832
3,843110085	1141,270142
3,848582268	1143,012573
3,857694149	1146,497437
3,859526396	1144,755005
3,86324048	1148,239868
3,866954565	1145,626221
3,870619297	1148,239868
3,872451544	1149,9823
3,877923727	1151,724731
3,879731178	1149,9823
3,883395672	1152,595947
3,887035608	1154,338379
3,894340038	1156,080811
3,899960756	1157,823242
3,901793003	1160,436768
3,90362525	1158,694458
3,909122229	1160,436768
3,91092968	1162,179199
3,912737131	1160,436768
3,914594173	1162,179199
3,918209314	1163,921631
3,927345991	1165,664063
3,936606646	1165,664063
3,940271139	1168,27771
3,945768118	1165,664063
3,947575569	1167,406494
3,949407816	1169,148926
3,951240063	1167,406494
3,954855204	1171,762573
3,96037674	1170,020142
3,962184429	1172,633789
3,964016676	1174,376221
3,975109577	1175,247437
3,976941824	1176,989868
3,982413769	1179,603394
3,989668846	1181,345825
3,995215178	1183,088257
4,00261879	1185,701904
4,011780262	1188,315552
4,013562679	1186,57312
4,017251968	1190,929199
4,020842552	1189,186768
4,022674561	1190,929199
4,031885624	1193,542847
4,039264679	1196,156372
4,048401356	1197,027588
4,050233364	1198,77002
4,059345245	1198,77002
4,064842224	1200,512451
4,0686059	1202,254883
4,075959682	1203,997314
4,08140707	1205,739746
4,086879253	1208,353394
4,094183922	1206,610962
4,097848415	1209,224609
4,101587296	1211,838257
4,112605572	1215,322998
4,116220951	1213,580688
4,118077755	1216,194214
4,11991024	1217,936646
4,129022121	1217,936646
4,13085413	1219,679077
4,132686615	1221,421509
4,134568214	1219,679077
4,138282776	1222,292725
4,147444248	1223,16394
4,151059151	1224,906372
4,152915955	1226,648804
4,158338547	1224,906372
4,162028313	1227,52002
4,163860321	1225,777588
4,165692806	1229,262451
4,17128849	1231,004883
4,182257652	1229,262451
4,184065342	1231,004883
4,189537048	1232,747192
4,20050621	1233,618408
4,202412605	1235,36084
4,204294682	1237,103271
4,20612669	1238,845703
4,20979166	1237,103271
4,211623669	1239,716919
4,218928337	1244,072998
4,220760345	1242,330566
4,229847908	1244,944214
4,233512402	1243,201782
4,237276077	1248,429077
4,240940571	1246,686646
4,244605064	1248,429077
4,253766537	1249,300293
4,257381439	1251,042603
4,259189129	1252,785034
4,262853622	1254,527466
4,264686108	1252,785034
4,268375397	1254,527466
4,272114277	1256,269897
4,273946285	1258,012329
4,281275749	1256,269897
4,284890652	1259,754761
4,286723137	1258,012329
4,288555145	1260,625977
4,290362835	1264,11084
4,29219532	1259,754761
4,295835018	1261,497192
4,299549103	1263,239624
4,301356792	1261,497192
4,303238392	1264,11084
4,306952477	1262,368408
4,308760166	1264,11084
4,31242466	1265,853271
4,314281464	1264,11084
4,317896843	1268,466919
4,327008724	1268,466919
4,334337711	1270,209229
4,341790676	1273,694092
4,350952148	1273,694092
4,352735043	1275,436523
4,358207226	1277,178955
4,369151592	1278,921387
4,371057987	1280,663818
4,372939587	1282,40625
4,385741234	1285,019897
4,391213417	1286,762207
4,394853115	1285,019897
4,398517609	1287,633423
4,400374889	1289,375854
4,409610271	1291,118286
4,411417961	1289,375854
4,41510725	1291,989502
4,426051617	1291,118286
4,427859306	1292,860718
4,435188293	1294,603149
4,442616463	1297,216797
4,444448948	1295,474365
4,448113441	1298,959229
4,457250118	1301,572876
4,466362	1304,186523
4,470001698	1302,444092
4,473790169	1306,800049
4,479287148	1308,54248
4,482951641	1305,928833
4,484784126	1307,671265
4,490231514	1310,284912
4,499343395	1312,027344
4,503007889	1313,769775
4,504840374	1315,512207
4,514125347	1318,125854
4,515957832	1316,383423
4,517789841	1314,640991
4,51959753	1318,99707
4,523262024	1317,254639
4,528684616	1319,868286
4,532324314	1321,610718
4,541609764	1321,610718
4,545274258	1324,224243
4,550771236	1325,966675
4,552628517	1324,224243
4,55624342	1326,837891
4,563498497	1325,095459
4,567212582	1329,451538
4,569019794	1326,837891
4,572709084	1329,451538
4,580112934	1332,065186
4,585609436	1330,322754
4,587417126	1333,807617
4,592889309	1335,550049
4,594696999	1332,936401
4,598336697	1334,678833
4,605690479	1338,163696
4,609454155	1340,777344
4,613093853	1338,163696
4,614926338	1339,906128
4,616758347	1341,648438
4,624063015	1343,390869
4,631318092	1345,133301
4,633150101	1346,875732
4,644292355	1346,875732
4,647956848	1348,618164
4,649764538	1350,360596
4,65892601	1352,103027
4,668013096	1355,587891
4,67727375	1358,201538
4,679106236	1356,459106
4,680938244	1354,716675
4,684602737	1358,201538
4,69376421	1359,072754
4,701019287	1355,587891
4,702876091	1359,072754
4,704708576	1360,815063
4,70837307	1359,072754
4,710255146	1360,815063
4,71391964	1362,557495
4,719441414	1364,299927
4,723056316	1362,557495
4,724888802	1364,299927
4,732217789	1366,042358
4,737714767	1369,527222
4,73952198	1367,78479
4,741354465	1366,042358
4,743236065	1369,527222
4,75061512	1373,883301
4,752447128	1371,269653
4,754279613	1369,527222
4,756111622	1372,140869
4,757894516	1373,883301
4,763366699	1375,625732
4,774360657	1377,368164
4,781788826	1379,981689
4,787285805	1381,724121
4,796397686	1383,466553
4,805534363	1384,337769
4,811080456	1386,951416
4,812937737	1388,693848
4,81479454	1386,0802
4,81660223	1387,822632
4,822124004	1389,565063
4,827596188	1391,307495
4,83301878	1393,049927
4,842180252	1394,792358
4,85144043	1394,792358
4,853272915	1396,534668
4,856937408	1393,049927
4,858745098	1396,534668
4,862434387	1394,792358
4,864242077	1396,534668
4,866024494	1398,2771
4,873353958	1400,019531
4,875185966	1401,761963
4,884446621	1401,761963
4,8899436	1405,246826
4,899030685	1405,246826
4,902670383	1407,860474
4,906359673	1409,602905
4,915620327	1408,731689
4,917428017	1412,216553
4,924781799	1414,830078
4,933868885	1417,443726
4,935676575	1415,701294
4,943005562	1419,186157
4,944862843	1417,443726
4,946769238	1415,701294
4,948626518	1417,443726
4,952266216	1419,186157
4,957812786	1420,928589
4,965067387	1422,671021
4,966875076	1424,413452
4,976011753	1423,542236
4,979750633	1426,155884
4,988936901	1425,284668
4,990768909	1427,0271
4,998073578	1425,284668
5,00168848	1427,898315
5,007185459	1429,640747
5,012707233	1431,383179
5,014588833	1428,769531
5,016446114	1430,511963
5,018253326	1433,996704
5,021942616	1431,383179
5,023775101	1433,996704
5,029222488	1435,739136
5,03652668	1439,223999
5,045688152	1441,837646
5,056781292	1445,32251
5,06222868	1442,708862
5,065917969	1445,32251
5,073147774	1447,064941
5,078694344	1448,807373
5,087954998	1450,549805
5,098923683	1449,678589
5,100706577	1451,420898
5,104346275	1453,16333
5,108011246	1454,905762
5,115389824	1457,519409
5,119103909	1454,905762
5,120936394	1457,519409
5,131929874	1459,261841
5,140992165	1460,133057
5,142849445	1458,390625
5,144681931	1460,133057
5,155749798	1461,004272
5,159439087	1462,746704
5,166768074	1464,489136
5,170358658	1466,231567
5,173998356	1464,489136
5,175855637	1466,231567
5,17771244	1469,716309
5,186923504	1471,45874
5,194277287	1469,716309
5,196084976	1474,072388
5,205172062	1474,943604
5,210693836	1476,686035
5,219954491	1478,428467
5,225450993	1480,170898
5,229091167	1481,91333
5,240010262	1484,526978
5,243675232	1482,784546
5,24550724	1484,526978
5,247339725	1486,269409
5,258457184	1488,011719
5,260313988	1489,75415
5,267569065	1488,011719
5,26940155	1490,625366
5,278513432	1492,367798
5,28408432	1496,723877
5,285941601	1494,110229
5,287774086	1492,367798
5,29143858	1494,110229
5,300575256	1494,981445
5,304214954	1493,239014
5,307829857	1495,852661
5,317065716	1494,981445
5,318922997	1497,595093
5,326251984	1499,337524
5,331748962	1501,079956
5,337221146	1502,822388
5,348189831	1507,178345
5,350047112	1505,436035
5,351928711	1503,693604
5,353785992	1506,307129
5,355618	1508,920776
5,366562366	1510,663208
5,368394852	1512,40564
5,37022686	1510,663208
5,373842239	1514,148071
5,377481937	1511,534424
5,379338741	1513,276855
5,381171227	1515,019287
5,388624191	1513,276855
5,390431881	1516,761719
5,39412117	1515,019287
5,395953178	1517,632935
5,405040741	1517,632935
5,406872749	1520,246582
5,410512924	1517,632935
5,412344933	1520,246582
5,421605587	1522,860229
5,427102566	1525,473755
5,430791855	1523,731445
5,44168663	1526,344971
5,447183132	1528,087402
5,46010828	1526,344971
5,463772774	1529,829834
5,465605259	1528,087402
5,471102238	1529,829834
5,474692345	1531,572266
5,483853817	1535,057129
5,485711098	1533,314697
5,489449978	1535,928345
5,491281986	1532,443481
5,493114471	1534,185913
5,496778965	1535,928345
5,49861145	1537,670776
5,502226353	1535,928345
5,504083633	1538,541992
5,516860008	1541,15564
5,522455692	1542,897949
5,535232544	1545,511597
5,538921833	1548,125244
5,540704727	1546,382813
5,54431963	1548,125244
5,553530693	1548,99646
5,562790871	1550,738892
5,570070744	1553,352539
5,575542927	1555,094971
5,584679604	1555,094971
5,588393688	1558,579834
5,599461555	1558,579834
5,603076935	1560,322266
5,613996029	1561,193359
5,623281479	1563,807007
5,632442951	1565,549438
5,641554832	1565,549438
5,64700222	1567,29187
5,648859501	1564,678223
5,656262875	1567,29187
5,667281151	1569,905518
5,676368237	1572,519165
5,681815624	1575,132813
5,68550539	1573,390381
5,68924427	1576,004028
5,698430061	1576,004028
5,700262547	1578,617676
5,70573473	1580,359985
5,709399223	1578,617676
5,714821815	1581,231201
5,716679096	1583,844849
5,72034359	1582,102417
5,72408247	1584,716064
5,735125542	1587,329712
5,736933231	1585,58728
5,744212627	1587,329712
5,747828007	1585,58728
5,753349304	1589,072144
5,76077795	1591,685791
5,769939423	1591,685791
5,773554325	1593,428223
5,777218819	1595,170654
5,786380291	1594,299438
5,791926861	1596,913086
5,799280643	1598,655396
5,801113129	1596,04187
5,802945137	1597,78418
5,806560516	1595,170654
5,808392525	1596,913086
5,812032223	1599,526611
5,813864708	1601,269043
5,815647602	1597,78418
5,819361687	1600,397827
5,828621864	1601,269043
5,83045435	1603,011475
5,834118843	1601,269043
5,837759018	1604,753906
5,84325552	1603,011475
5,84506321	1605,625122
5,846870899	1607,367554
5,856007576	1609,109985
5,863460541	1610,852417
5,867125034	1608,23877
5,870789528	1611,723633
5,881684303	1613,466064
5,883491993	1611,723633
5,887181282	1615,208496
5,89644146	1616,950806
5,903770924	1619,564453
5,907410622	1617,822021
5,909243107	1619,564453
5,91471529	1621,306885
5,923851967	1623,049316
5,925733566	1621,306885
5,929447651	1623,920532
5,933087349	1622,178101
5,936776638	1624,791748
5,945864201	1624,791748
5,949528694	1627,405396
5,951336384	1629,147827
5,955025673	1627,405396
5,958714962	1629,147827
5,964285851	1630,890259
5,966118336	1632,63269
5,975230217	1630,890259
5,977062702	1632,63269
5,98251009	1634,375
5,991671562	1635,246216
5,999124527	1633,503906
6,002764225	1635,246216
6,011900902	1637,859863
6,015515804	1635,246216
6,017348289	1638,731079
6,019155979	1636,988647
6,021012783	1634,375
6,024677277	1641,344727
6,026534557	1639,602295
6,033937931	1641,344727
6,043074608	1643,958374
6,044907093	1645,700806
6,046739101	1643,958374
6,054018974	1645,700806
6,055850983	1648,314453
6,059515953	1643,958374
6,061397552	1646,572021
6,063254356	1649,185669
6,066944122	1647,443237
6,068776131	1649,185669
6,076056004	1651,799316
6,086999893	1651,799316
6,090689659	1654,412842
6,092521667	1652,67041
6,096285343	1654,412842
6,107279301	1657,026489
6,118174076	1658,768921
6,129266739	1660,511353
6,132956028	1662,253784
6,136620522	1660,511353
6,140285015	1662,253784
6,143900394	1663,996216
6,15117979	1662,253784
6,15298748	1663,996216
6,164080143	1663,125
6,167769432	1664,867432
6,169601917	1663,125
6,173291206	1666,609863
6,180571079	1664,867432
6,182403088	1666,609863
6,18782568	1669,223511
6,191514969	1670,96582
6,193347454	1669,223511
6,200750828	1670,96582
6,204440117	1672,708252
6,206247807	1674,450684
6,20810461	1672,708252
6,21171999	1675,321899
6,213576794	1672,708252
6,217216492	1676,193115
6,220856667	1674,450684
6,224545956	1676,193115
6,235589027	1679,677979
6,242943287	1682,291626
6,246582985	1679,677979
6,250222683	1682,291626
6,252030373	1680,549194
6,25755167	1683,162842
6,259384155	1684,905273
6,261191845	1682,291626
6,264930725	1684,905273
6,268595219	1683,162842
6,274116993	1685,776489
6,275949001	1683,162842
6,279564381	1687,518921
6,288651466	1689,26123
6,296005249	1691,003662
6,29979372	1688,390137
6,301625729	1691,003662
6,303433418	1693,61731
6,312570095	1692,746094
6,316259384	1695,359741
6,318042278	1692,746094
6,319874763	1694,488525
6,321681976	1696,230957
6,323514462	1694,488525
6,32901144	1696,230957
6,332725525	1694,488525
6,334582329	1697,973389
6,343793392	1698,844604
6,352880478	1702,329468
6,354688168	1699,71582
6,358352661	1701,458252
6,367613316	1704,071899
6,378606796	1704,943115
6,38038969	1703,200684
6,382222176	1704,943115
6,387694359	1707,556641
6,393190861	1704,943115
6,395023346	1706,685547
6,398712635	1708,427856
6,400619507	1710,170288
6,402451515	1706,685547
6,407923698	1709,299072
6,411612988	1711,041504
6,41522789	1709,299072
6,420700073	1712,783936
6,428029537	1715,397583
6,431694031	1712,783936
6,437289715	1715,397583
6,442786694	1713,655151
6,446426392	1717,140015
6,448234081	1715,397583
6,45192337	1718,01123
6,453706264	1719,753662
6,455513954	1717,140015
6,457345963	1719,753662
6,459153652	1721,496094
6,461010456	1719,753662
6,468414307	1722,36731
6,470246315	1720,624878
6,475792885	1723,238525
6,486737251	1725,852051
6,492159843	1727,594482
6,501420021	1725,852051
6,505084515	1731,079346
6,506941795	1729,336914
6,510581493	1727,594482
6,512413979	1729,336914
6,516053677	1727,594482
6,52152586	1729,336914
6,525165558	1726,723267
6,526998043	1729,336914
6,532519817	1731,079346
6,534401417	1729,336914
6,538115501	1731,950562
6,539947987	1730,20813
6,545444489	1727,594482
6,547276974	1731,950562
6,549059868	1735,435425
6,552749157	1732,821777
6,556339264	1735,435425
6,560003757	1733,692993
6,561861038	1735,435425
6,571121693	1737,177856
6,572928905	1739,791504
6,57845068	1737,177856
6,580283165	1739,791504
6,589370251	1742,405151
6,59117794	1739,791504
6,596674442	1741,533936
6,598531723	1743,276367
6,600339413	1745,018677
6,604127407	1741,533936
6,607792377	1744,147461
6,618736267	1745,889893
6,62420845	1747,632324
6,633345127	1747,632324
6,638941288	1750,245972
6,651742458	1751,117188
6,657214642	1752,859619
6,670090199	1755,473267
6,675611973	1758,086914
6,677419186	1756,344482
6,679251671	1758,086914
6,681083679	1759,829346
6,68294096	1758,086914
6,692028046	1758,086914
6,693835735	1760,700562
6,697525024	1758,95813
6,703046799	1761,571777
6,714114666	1763,314087
6,725034237	1765,056519
6,734195709	1763,314087
6,736027718	1766,79895
6,745263577	1768,541382
6,750760555	1770,283813
6,752543449	1766,79895
6,756257534	1769,412598
6,769009113	1771,155029
6,77089119	1772,897461
6,776437283	1770,283813
6,781959057	1772,026245
6,785598755	1773,768677
6,789238453	1775,511108
6,798350811	1775,511108
6,807610989	1778,124756
6,814940453	1781,609497
6,816772461	1778,995972
6,82038784	1780,738281
6,83133173	1780,738281
6,833213806	1783,351929
6,842449665	1785,09436
6,851586342	1785,09436
6,85522604	1786,836792
6,86248064	1789,450439
6,871716499	1790,321655
6,873598576	1788,579224
6,875430584	1790,321655
6,886424541	1792,064087
6,895536423	1793,806519
6,897319317	1792,064087
6,904648304	1794,677734
6,908461571	1792,935303
6,917623043	1793,806519
6,924927235	1795,54895
6,926734924	1793,806519
6,930349827	1796,420166
6,93401432	1794,677734
6,935871601	1797,291382
6,937679291	1799,033691
6,939536095	1797,291382
6,941442966	1794,677734
6,943274975	1797,291382
6,954268932	1799,904907
6,957933426	1801,647339
6,961548328	1799,904907
6,965163708	1802,518555
6,967020512	1804,260986
6,970685005	1802,518555
6,97439909	1805,132202
6,978088379	1801,647339
6,97994566	1803,389771
6,981753349	1806,874634
6,985442638	1804,260986
6,987274647	1806,003418
6,996362209	1807,74585
7,000001907	1806,003418
7,001833916	1807,74585
7,00928688	1809,488281
7,020280838	1810,359497
7,027535915	1812,973145
7,029367924	1811,230713
7,034815311	1813,84436
7,044125557	1815,586792
7,047765255	1812,973145
7,051429749	1817,329102
7,053262234	1815,586792
7,055094242	1817,329102
7,0642066	1819,071533
7,073343277	1819,942749
7,075224876	1822,556396
7,078914165	1819,071533
7,082603455	1821,685181
7,091740131	1824,298828
7,093597412	1822,556396
7,095405102	1824,298828
7,099020004	1822,556396
7,102684498	1826,04126
7,106348991	1823,427612
7,108206272	1826,04126
7,119274139	1827,783691
7,124696732	1826,04126
7,126578808	1830,397339
7,130218506	1828,654907
7,139379978	1831,268555
7,141187191	1829,526123
7,144950867	1831,268555
7,154112339	1830,397339
7,155944824	1832,139771
7,157727718	1834,753296
7,161441803	1832,139771
7,165007114	1835,624512
7,170528889	1833,882202
7,174193382	1836,495728
7,183429241	1836,495728
7,18711853	1834,753296
7,190758228	1837,366943
7,199845791	1838,238159
7,210888863	1838,238159
7,212770462	1839,980591
7,218267441	1841,723022
7,229261398	1841,723022
7,231043816	1843,465454
7,232851505	1845,207886
7,23468399	1843,465454
7,236491203	1845,207886
7,243870258	1842,594238
7,245776653	1845,207886
7,25310564	1848,692749
7,256795406	1850,435181
7,258577824	1848,692749
7,260410309	1846,079102
7,262267113	1847,821533
7,264074802	1849,563965
7,265882492	1851,306396
7,271354675	1849,563965
7,275043964	1851,306396
7,280614853	1853,048706
7,282422543	1854,791138
7,286111832	1853,048706
7,29160881	1855,662354
7,293391705	1853,919922
7,295223713	1856,533569
7,302503586	1854,791138
7,304335594	1858,276001
7,313621044	1857,404785
7,315453529	1860,889648
7,319118023	1858,276001
7,322782516	1860,889648
7,326397419	1858,276001
7,330111504	1860,889648
7,33731699	1859,147217
7,339174271	1860,889648
7,350291729	1859,147217
7,355788708	1860,889648
7,359428406	1859,147217
7,366707802	1860,889648
7,368515491	1859,147217
7,37215519	1860,889648
7,37401247	1863,503296
7,375844479	1860,018433
7,379558563	1863,503296
7,381440639	1861,760864
7,388769627	1865,245728
7,397931099	1864,374512
7,399738789	1866,116943
7,405161381	1867,859375
7,407018661	1869,601807
7,416278839	1870,473022
7,418111324	1872,215332
7,419943333	1870,473022
7,423608303	1872,215332
7,430912495	1873,957764
7,434552193	1872,215332
7,441856861	1873,957764
7,44928503	1875,700195
7,452924728	1873,957764
7,456589222	1876,571411
7,465750694	1876,571411
7,467533588	1874,828979
7,469341278	1877,442627
7,472980976	1875,700195
7,474838257	1877,442627
7,478527546	1880,056274
7,48038435	1878,313843
7,48412323	1880,056274
7,491477013	1881,798706
7,493284702	1880,056274
7,49873209	1881,798706
7,505987167	1884,412354
7,509676456	1886,154785
7,511508465	1884,412354
7,518936634	1887,897217
7,520793915	1886,154785
7,524433613	1887,897217
7,529905796	1889,639526
7,531738281	1887,026001
7,540825367	1888,768433
7,544539452	1887,026001
7,548203945	1888,768433
7,557415009	1888,768433
7,559271812	1891,381958
7,561104298	1893,995605
7,562887192	1892,253174
7,570191383	1893,995605
7,575688362	1892,253174
7,579352856	1893,995605
7,583091736	1895,738037
7,586781025	1893,995605
7,592278004	1895,738037
7,60141468	1898,351685
7,605005264	1895,738037
7,608669758	1899,2229
7,612359047	1900,965332
7,616073132	1897,480469
7,619787216	1901,836548
7,62345171	1900,094116
7,627116203	1904,450195
7,628948689	1902,707764
7,634420872	1900,094116
7,638010979	1903,578979
7,647172451	1901,836548
7,650911331	1904,450195
7,656433105	1907,063843
7,658289909	1904,450195
7,667427063	1907,934937
7,671041965	1906,192627
7,676514149	1907,934937
7,680178642	1906,192627
7,682011127	1907,934937
7,689439297	1910,548584
7,691271305	1908,806152
7,69310379	1907,063843
7,694960594	1910,548584
7,698575974	1908,806152
7,70585537	1910,548584
7,713184834	1908,806152
7,716849327	1911,4198
7,722420216	1913,162231
7,72974968	1914,904663
7,735246658	1913,162231
7,740693569	1914,904663
7,749855042	1915,775879
7,751737118	1918,389526
7,760948181	1918,389526
7,768252373	1920,131958
7,771867752	1917,518311
7,773674965	1919,260742
7,777314663	1921,87439
7,786600113	1921,003174
7,792121887	1925,359253
7,803090572	1925,359253
7,815842628	1927,101563
7,823270798	1928,843994
7,826960087	1927,101563
7,828792572	1928,843994
7,83062458	1932,328857
7,83243227	1930,586426
7,841544151	1930,586426
7,843351841	1928,843994
7,848897934	1930,586426
7,859916687	1928,843994
7,861748695	1931,457642
7,869053364	1929,71521
7,870934963	1927,972778
7,876357555	1932,328857
7,880022526	1928,843994
7,883687019	1933,200073
7,885519028	1930,586426
7,8874259	1928,843994
7,894754887	1931,457642
7,896587372	1934,071289
7,89841938	1931,457642
7,902059555	1933,200073
7,907531261	1934,942505
7,916692734	1937,556152
7,925928593	1937,556152
7,927785873	1941,041016
7,936897755	1940,1698
7,946009636	1941,912231
7,955245495	1943,654663
7,957127094	1941,041016
7,960766792	1942,783447
7,966288567	1944,525757
7,975375652	1943,654663
7,982680321	1945,396973
7,99010849	1948,01062
7,991940498	1946,268188
7,995605469	1948,881836
7,999294758	1946,268188
8,001127243	1948,01062
8,00290966	1949,753052
8,004741669	1948,01062
8,008381844	1949,753052
8,017542839	1951,495483
8,019351006	1949,753052
8,023089409	1952,366699
8,024922371	1950,624268
8,026754379	1953,237915
8,034108162	1951,495483
8,035915375	1953,237915
8,03955555	1954,980347
8,050524712	1954,109131
8,054188728	1956,722778
8,059760094	1959,336426
8,063425064	1956,722778
8,07070446	1959,336426
8,078008652	1957,593994
8,081648827	1960,207642
8,0890522	1961,950073
8,09459877	1959,336426
8,096430779	1961,078857
8,101977348	1962,821167
8,11101532	1964,563599
8,112847328	1961,950073
8,116487503	1964,563599
8,127579689	1966,30603
8,133126259	1964,563599
8,134958267	1966,30603
8,14043045	1968,919678
8,147686005	1970,662109
8,153206825	1968,919678
8,156896591	1970,662109
8,164275169	1968,919678
8,166107178	1970,662109
8,16794014	1972,404541
8,177051544	1973,275757
8,188020706	1973,275757
8,18987751	1971,533325
8,195448875	1974,146973
8,204610825	1972,404541
8,20822525	1976,76062
8,211865425	1972,404541
8,215480804	1976,76062
8,226622581	1975,018188
8,230262756	1977,631836
8,239374161	1979,374268
8,24487114	1977,631836
8,246679306	1980,245483
8,248511314	1981,987793
8,250318527	1978,503052
8,254033089	1980,245483
8,255840302	1982,859009
8,259579659	1980,245483
8,266933441	1981,987793
8,274237633	1983,730225
8,281517029	797,1422729
8,281517029	797,1422729
